,resp.id,ques,position,Platform,Deposit,Fees,Financial_Instrument,Leverage,Social_Trading,Gender,choice
0,1,1,top,Web App,0,0.015%,Crypto, NO,YES,Female,0
1,1,1,middle,Desktop App,0,0%,Crypto, YES,NO,Female,0
2,1,1,low,Web App,10,0.025%,ETFs, YES,YES,Female,1
3,1,2,top,Desktop App,100,0.025%,Crypto, YES,NO,Female,0
4,1,2,middle,Desktop App,10,0%,Stocks, YES,YES,Female,1
5,1,2,low,Mobile App,0,0.025%,Crypto, NO,YES,Female,0
6,1,3,top,Web App,10,0.015%,Crypto, YES,NO,Female,0
7,1,3,middle,Mobile App,0,0.015%,ETFs, NO,YES,Female,0
8,1,3,low,Mobile App,10,0.015%,Commodities, YES,YES,Female,1
9,1,4,top,Mobile App,0,0.025%,Crypto, YES,YES,Female,0
10,1,4,middle,Web App,10,0%,Commodities, NO,YES,Female,0
11,1,4,low,Mobile App,100,0%,Crypto, NO,YES,Female,1
12,1,5,top,Mobile App,10,0%,ETFs, NO,NO,Female,0
13,1,5,middle,Web App,10,0%,Commodities, NO,NO,Female,0
14,1,5,low,Desktop App,0,0%,Stocks, YES,YES,Female,1
15,1,6,top,Mobile App,0,0.025%,Commodities, NO,YES,Female,0
16,1,6,middle,Mobile App,10,0%,Commodities, YES,YES,Female,1
17,1,6,low,Desktop App,10,0.015%,Crypto, YES,NO,Female,0
18,1,7,top,Web App,100,0%,Commodities, YES,YES,Female,0
19,1,7,middle,Desktop App,0,0%,ETFs, NO,NO,Female,0
20,1,7,low,Web App,100,0.025%,Crypto, YES,NO,Female,1
21,1,8,top,Desktop App,10,0.025%,Commodities, NO,YES,Female,0
22,1,8,middle,Mobile App,10,0.015%,Commodities, YES,NO,Female,1
23,1,8,low,Mobile App,0,0.015%,Commodities, YES,NO,Female,0
24,1,9,top,Mobile App,10,0.025%,Stocks, NO,NO,Female,1
25,1,9,middle,Mobile App,10,0.015%,Crypto, NO,NO,Female,0
26,1,9,low,Mobile App,10,0.015%,Stocks, NO,NO,Female,0
27,1,10,top,Web App,10,0.025%,Crypto, YES,NO,Female,0
28,1,10,middle,Mobile App,10,0%,Crypto, NO,NO,Female,0
29,1,10,low,Desktop App,0,0%,Commodities, YES,YES,Female,1
30,1,11,top,Desktop App,0,0.025%,Crypto, NO,YES,Female,0
31,1,11,middle,Desktop App,0,0.025%,Stocks, YES,NO,Female,1
32,1,11,low,Web App,10,0.025%,ETFs, YES,NO,Female,0
33,1,12,top,Web App,10,0.015%,ETFs, YES,YES,Female,0
34,1,12,middle,Mobile App,0,0.015%,ETFs, YES,YES,Female,1
35,1,12,low,Web App,100,0.015%,Commodities, YES,YES,Female,0
36,2,1,top,Mobile App,10,0%,Stocks, YES,YES,Male,1
37,2,1,middle,Mobile App,0,0.015%,Commodities, YES,YES,Male,0
38,2,1,low,Desktop App,10,0.015%,Commodities, YES,YES,Male,0
39,2,2,top,Mobile App,10,0.025%,Crypto, YES,NO,Male,0
40,2,2,middle,Desktop App,10,0.015%,Stocks, NO,NO,Male,0
41,2,2,low,Mobile App,0,0%,ETFs, NO,YES,Male,1
42,2,3,top,Mobile App,100,0%,Crypto, NO,YES,Male,0
43,2,3,middle,Desktop App,10,0.015%,Crypto, NO,YES,Male,1
44,2,3,low,Web App,100,0.015%,ETFs, NO,YES,Male,0
45,2,4,top,Desktop App,100,0.025%,ETFs, YES,YES,Male,0
46,2,4,middle,Desktop App,100,0.025%,Stocks, YES,NO,Male,0
47,2,4,low,Mobile App,10,0.015%,Stocks, NO,YES,Male,1
48,2,5,top,Web App,100,0.015%,Commodities, YES,YES,Male,0
49,2,5,middle,Desktop App,10,0%,ETFs, NO,YES,Male,1
50,2,5,low,Mobile App,10,0.015%,Commodities, NO,YES,Male,0
51,2,6,top,Desktop App,10,0.015%,ETFs, YES,YES,Male,1
52,2,6,middle,Web App,100,0.025%,Crypto, YES,NO,Male,0
53,2,6,low,Web App,100,0.015%,Crypto, YES,YES,Male,0
54,2,7,top,Desktop App,10,0.025%,Commodities, YES,NO,Male,0
55,2,7,middle,Mobile App,10,0%,ETFs, YES,YES,Male,1
56,2,7,low,Desktop App,10,0%,ETFs, YES,YES,Male,0
57,2,8,top,Mobile App,10,0%,Stocks, YES,NO,Male,1
58,2,8,middle,Web App,10,0.025%,Stocks, NO,YES,Male,0
59,2,8,low,Web App,0,0.025%,Stocks, NO,YES,Male,0
60,2,9,top,Web App,10,0.025%,Crypto, NO,NO,Male,0
61,2,9,middle,Web App,10,0.015%,Stocks, NO,NO,Male,1
62,2,9,low,Web App,100,0%,Commodities, NO,NO,Male,0
63,2,10,top,Mobile App,10,0.025%,Stocks, YES,NO,Male,1
64,2,10,middle,Web App,100,0%,Crypto, NO,YES,Male,0
65,2,10,low,Web App,0,0%,Commodities, YES,YES,Male,0
66,2,11,top,Desktop App,100,0.015%,ETFs, YES,YES,Male,0
67,2,11,middle,Mobile App,0,0.015%,Stocks, NO,YES,Male,1
68,2,11,low,Web App,10,0.015%,ETFs, YES,YES,Male,0
69,2,12,top,Desktop App,100,0%,Commodities, YES,YES,Male,0
70,2,12,middle,Mobile App,0,0.025%,Commodities, YES,NO,Male,1
71,2,12,low,Desktop App,100,0.025%,Stocks, YES,YES,Male,0
72,3,1,top,Desktop App,0,0.015%,Crypto, YES,NO,Male,1
73,3,1,middle,Web App,100,0%,ETFs, YES,YES,Male,0
74,3,1,low,Desktop App,10,0.025%,Commodities, NO,NO,Male,0
75,3,2,top,Web App,100,0%,Commodities, NO,YES,Male,0
76,3,2,middle,Mobile App,0,0%,ETFs, YES,NO,Male,1
77,3,2,low,Desktop App,0,0%,Stocks, NO,NO,Male,0
78,3,3,top,Desktop App,0,0%,Stocks, YES,NO,Male,1
79,3,3,middle,Web App,10,0.015%,ETFs, NO,NO,Male,0
80,3,3,low,Web App,10,0.025%,Crypto, NO,YES,Male,0
81,3,4,top,Desktop App,0,0.015%,ETFs, YES,NO,Male,0
82,3,4,middle,Web App,10,0%,ETFs, YES,NO,Male,0
83,3,4,low,Desktop App,10,0.015%,ETFs, YES,YES,Male,1
84,3,5,top,Web App,0,0.025%,Commodities, YES,NO,Male,0
85,3,5,middle,Mobile App,0,0.015%,ETFs, YES,NO,Male,1
86,3,5,low,Web App,100,0%,Commodities, YES,YES,Male,0
87,3,6,top,Web App,0,0.015%,Commodities, YES,NO,Male,1
88,3,6,middle,Mobile App,100,0.025%,Commodities, NO,NO,Male,0
89,3,6,low,Web App,100,0.025%,Stocks, NO,NO,Male,0
90,3,7,top,Desktop App,100,0.015%,Crypto, YES,NO,Male,1
91,3,7,middle,Web App,100,0.025%,Stocks, YES,NO,Male,0
92,3,7,low,Web App,100,0%,ETFs, NO,NO,Male,0
93,3,8,top,Desktop App,0,0%,ETFs, NO,YES,Male,0
94,3,8,middle,Mobile App,0,0.025%,Crypto, NO,YES,Male,0
95,3,8,low,Mobile App,10,0%,Stocks, YES,YES,Male,1
96,3,9,top,Desktop App,100,0.025%,Commodities, NO,NO,Male,0
97,3,9,middle,Desktop App,10,0%,Stocks, NO,YES,Male,0
98,3,9,low,Web App,10,0.025%,Stocks, YES,NO,Male,1
99,3,10,top,Web App,10,0.015%,Stocks, NO,YES,Male,0
100,3,10,middle,Desktop App,10,0.015%,Stocks, NO,YES,Male,1
101,3,10,low,Web App,0,0.015%,Commodities, NO,NO,Male,0
102,3,11,top,Web App,0,0%,Commodities, YES,NO,Male,1
103,3,11,middle,Mobile App,100,0.015%,Crypto, NO,NO,Male,0
104,3,11,low,Mobile App,10,0%,Commodities, NO,YES,Male,0
105,3,12,top,Desktop App,0,0%,Crypto, YES,YES,Male,1
106,3,12,middle,Web App,100,0.015%,ETFs, YES,NO,Male,0
107,3,12,low,Web App,100,0.015%,Crypto, NO,YES,Male,0
108,4,1,top,Desktop App,100,0%,Crypto, YES,YES,Male,0
109,4,1,middle,Mobile App,100,0.015%,Stocks, NO,NO,Male,1
110,4,1,low,Desktop App,10,0.025%,Commodities, NO,NO,Male,0
111,4,2,top,Desktop App,10,0.025%,ETFs, NO,YES,Male,0
112,4,2,middle,Desktop App,0,0.015%,Stocks, YES,NO,Male,1
113,4,2,low,Mobile App,0,0.025%,ETFs, YES,YES,Male,0
114,4,3,top,Mobile App,100,0%,Stocks, YES,YES,Male,0
115,4,3,middle,Web App,0,0%,ETFs, YES,NO,Male,1
116,4,3,low,Desktop App,10,0.025%,Stocks, NO,YES,Male,0
117,4,4,top,Web App,10,0%,Commodities, NO,YES,Male,0
118,4,4,middle,Mobile App,10,0%,ETFs, YES,YES,Male,1
119,4,4,low,Desktop App,0,0.025%,Crypto, NO,YES,Male,0
120,4,5,top,Desktop App,10,0.015%,Commodities, NO,YES,Male,0
121,4,5,middle,Mobile App,100,0%,ETFs, YES,NO,Male,0
122,4,5,low,Web App,100,0.015%,ETFs, YES,NO,Male,1
123,4,6,top,Web App,100,0.025%,Commodities, YES,YES,Male,0
124,4,6,middle,Web App,100,0.015%,ETFs, YES,YES,Male,1
125,4,6,low,Desktop App,0,0.015%,Crypto, NO,YES,Male,0
126,4,7,top,Web App,100,0.015%,ETFs, NO,NO,Male,0
127,4,7,middle,Mobile App,100,0.015%,Commodities, YES,YES,Male,1
128,4,7,low,Mobile App,100,0%,Stocks, NO,NO,Male,0
129,4,8,top,Desktop App,100,0.015%,Crypto, NO,YES,Male,0
130,4,8,middle,Web App,0,0%,Stocks, NO,NO,Male,1
131,4,8,low,Mobile App,100,0%,Crypto, NO,NO,Male,0
132,4,9,top,Web App,0,0.025%,Crypto, YES,YES,Male,0
133,4,9,middle,Web App,100,0.025%,Stocks, YES,NO,Male,0
134,4,9,low,Desktop App,100,0.025%,Commodities, NO,YES,Male,1
135,4,10,top,Web App,0,0.015%,Crypto, NO,NO,Male,0
136,4,10,middle,Mobile App,0,0.025%,Commodities, NO,YES,Male,1
137,4,10,low,Web App,100,0.015%,Crypto, NO,NO,Male,0
138,4,11,top,Web App,0,0.015%,ETFs, YES,NO,Male,0
139,4,11,middle,Web App,10,0.025%,Crypto, NO,YES,Male,1
140,4,11,low,Desktop App,10,0%,Stocks, NO,YES,Male,0
141,4,12,top,Web App,100,0%,Crypto, NO,YES,Male,0
142,4,12,middle,Mobile App,100,0.015%,Crypto, NO,NO,Male,1
143,4,12,low,Desktop App,100,0.015%,ETFs, YES,YES,Male,0
144,5,1,top,Mobile App,10,0%,Crypto, YES,NO,Male,1
145,5,1,middle,Desktop App,0,0.025%,Commodities, YES,NO,Male,0
146,5,1,low,Web App,0,0.015%,Stocks, YES,YES,Male,0
147,5,2,top,Web App,0,0.015%,ETFs, NO,NO,Male,1
148,5,2,middle,Desktop App,10,0%,Crypto, YES,NO,Male,0
149,5,2,low,Web App,10,0%,Crypto, YES,YES,Male,0
150,5,3,top,Mobile App,0,0%,Stocks, NO,NO,Male,1
151,5,3,middle,Web App,0,0.015%,Stocks, NO,NO,Male,0
152,5,3,low,Desktop App,10,0.025%,Commodities, YES,NO,Male,0
153,5,4,top,Mobile App,100,0.015%,Commodities, YES,YES,Male,1
154,5,4,middle,Mobile App,100,0.025%,ETFs, NO,NO,Male,0
155,5,4,low,Web App,10,0.015%,ETFs, NO,NO,Male,0
156,5,5,top,Desktop App,0,0.025%,Crypto, NO,YES,Male,1
157,5,5,middle,Web App,100,0.015%,Stocks, YES,YES,Male,0
158,5,5,low,Mobile App,100,0.015%,Commodities, YES,NO,Male,0
159,5,6,top,Mobile App,10,0.015%,Crypto, YES,YES,Male,0
160,5,6,middle,Mobile App,0,0%,Commodities, YES,NO,Male,0
161,5,6,low,Desktop App,0,0.015%,ETFs, NO,YES,Male,1
162,5,7,top,Desktop App,0,0%,Crypto, NO,NO,Male,0
163,5,7,middle,Web App,10,0%,Crypto, NO,NO,Male,0
164,5,7,low,Desktop App,10,0.015%,ETFs, NO,YES,Male,1
165,5,8,top,Desktop App,10,0.015%,Crypto, NO,YES,Male,0
166,5,8,middle,Web App,10,0.025%,Stocks, YES,YES,Male,0
167,5,8,low,Web App,10,0.025%,ETFs, NO,YES,Male,1
168,5,9,top,Desktop App,100,0%,Stocks, NO,NO,Male,0
169,5,9,middle,Mobile App,0,0.015%,Stocks, YES,NO,Male,0
170,5,9,low,Mobile App,100,0%,ETFs, NO,NO,Male,1
171,5,10,top,Web App,0,0.015%,ETFs, YES,NO,Male,1
172,5,10,middle,Mobile App,100,0%,Crypto, YES,YES,Male,0
173,5,10,low,Mobile App,10,0.015%,Crypto, NO,NO,Male,0
174,5,11,top,Web App,0,0.015%,ETFs, YES,YES,Male,1
175,5,11,middle,Web App,0,0.015%,Crypto, NO,YES,Male,0
176,5,11,low,Mobile App,100,0.015%,Commodities, NO,YES,Male,0
177,5,12,top,Web App,0,0%,ETFs, NO,YES,Male,1
178,5,12,middle,Web App,10,0.015%,Crypto, NO,NO,Male,0
179,5,12,low,Mobile App,100,0%,Crypto, YES,YES,Male,0
180,6,1,top,Web App,100,0%,Stocks, YES,YES,Male,1
181,6,1,middle,Web App,0,0%,Crypto, YES,YES,Male,0
182,6,1,low,Desktop App,0,0.025%,ETFs, NO,NO,Male,0
183,6,2,top,Mobile App,0,0%,Stocks, NO,YES,Male,0
184,6,2,middle,Web App,0,0.025%,Crypto, NO,NO,Male,0
185,6,2,low,Web App,10,0.025%,Commodities, NO,NO,Male,1
186,6,3,top,Web App,100,0.015%,Commodities, NO,NO,Male,0
187,6,3,middle,Desktop App,10,0%,Stocks, NO,NO,Male,0
188,6,3,low,Mobile App,100,0.015%,Commodities, YES,YES,Male,1
189,6,4,top,Mobile App,100,0.015%,Stocks, NO,NO,Male,1
190,6,4,middle,Mobile App,100,0.015%,Crypto, YES,NO,Male,0
191,6,4,low,Mobile App,100,0.025%,Commodities, YES,NO,Male,0
192,6,5,top,Web App,100,0.015%,ETFs, YES,NO,Male,1
193,6,5,middle,Web App,0,0%,Crypto, YES,YES,Male,0
194,6,5,low,Desktop App,0,0.015%,ETFs, NO,NO,Male,0
195,6,6,top,Mobile App,100,0%,Crypto, YES,NO,Male,0
196,6,6,middle,Desktop App,100,0.015%,Commodities, YES,NO,Male,1
197,6,6,low,Desktop App,100,0.025%,Stocks, YES,NO,Male,0
198,6,7,top,Desktop App,0,0%,Crypto, YES,NO,Male,0
199,6,7,middle,Mobile App,100,0%,Commodities, NO,YES,Male,1
200,6,7,low,Web App,100,0.015%,Commodities, YES,YES,Male,0
201,6,8,top,Web App,10,0%,Commodities, NO,NO,Male,0
202,6,8,middle,Web App,10,0.025%,Commodities, YES,NO,Male,0
203,6,8,low,Web App,10,0.025%,Stocks, YES,YES,Male,1
204,6,9,top,Mobile App,100,0%,Stocks, YES,YES,Male,1
205,6,9,middle,Desktop App,100,0%,ETFs, NO,YES,Male,0
206,6,9,low,Desktop App,100,0.025%,Commodities, YES,YES,Male,0
207,6,10,top,Web App,0,0.025%,ETFs, YES,NO,Male,1
208,6,10,middle,Mobile App,10,0.025%,ETFs, YES,YES,Male,0
209,6,10,low,Desktop App,0,0.025%,Crypto, YES,YES,Male,0
210,6,11,top,Desktop App,100,0.015%,Commodities, YES,YES,Male,0
211,6,11,middle,Desktop App,100,0.025%,Crypto, NO,NO,Male,0
212,6,11,low,Web App,100,0.025%,Commodities, NO,NO,Male,1
213,6,12,top,Desktop App,100,0.025%,Stocks, YES,YES,Male,0
214,6,12,middle,Mobile App,0,0.025%,Commodities, NO,NO,Male,0
215,6,12,low,Web App,10,0%,Commodities, YES,NO,Male,1
216,7,1,top,Mobile App,10,0.025%,Commodities, YES,YES,Male,1
217,7,1,middle,Desktop App,10,0.025%,ETFs, NO,YES,Male,0
218,7,1,low,Desktop App,10,0.015%,Crypto, YES,YES,Male,0
219,7,2,top,Web App,10,0.025%,ETFs, NO,YES,Male,1
220,7,2,middle,Mobile App,100,0.025%,Stocks, NO,NO,Male,0
221,7,2,low,Mobile App,0,0%,Commodities, YES,YES,Male,0
222,7,3,top,Web App,0,0.025%,Commodities, YES,YES,Male,0
223,7,3,middle,Desktop App,0,0.015%,Crypto, NO,NO,Male,1
224,7,3,low,Mobile App,10,0.015%,Crypto, YES,YES,Male,0
225,7,4,top,Mobile App,0,0.015%,Crypto, NO,YES,Male,0
226,7,4,middle,Web App,10,0.015%,Commodities, YES,NO,Male,0
227,7,4,low,Web App,10,0%,Commodities, NO,YES,Male,1
228,7,5,top,Mobile App,100,0.015%,Stocks, NO,NO,Male,0
229,7,5,middle,Mobile App,0,0.025%,ETFs, NO,YES,Male,0
230,7,5,low,Mobile App,0,0.015%,ETFs, YES,YES,Male,1
231,7,6,top,Web App,0,0%,Stocks, NO,NO,Male,0
232,7,6,middle,Mobile App,10,0.015%,Stocks, NO,YES,Male,1
233,7,6,low,Web App,100,0.025%,Stocks, NO,YES,Male,0
234,7,7,top,Desktop App,100,0.015%,ETFs, NO,NO,Male,1
235,7,7,middle,Mobile App,100,0.025%,ETFs, YES,YES,Male,0
236,7,7,low,Web App,100,0.025%,Crypto, NO,NO,Male,0
237,7,8,top,Desktop App,0,0.025%,ETFs, YES,YES,Male,1
238,7,8,middle,Web App,10,0.015%,Commodities, YES,YES,Male,0
239,7,8,low,Web App,100,0.025%,Stocks, YES,YES,Male,0
240,7,9,top,Web App,0,0.025%,Commodities, NO,YES,Male,0
241,7,9,middle,Desktop App,10,0.025%,ETFs, NO,NO,Male,1
242,7,9,low,Web App,0,0%,ETFs, YES,YES,Male,0
243,7,10,top,Web App,0,0.025%,Crypto, NO,NO,Male,1
244,7,10,middle,Mobile App,0,0.015%,Crypto, NO,NO,Male,0
245,7,10,low,Desktop App,0,0.015%,Commodities, NO,YES,Male,0
246,7,11,top,Mobile App,10,0.015%,ETFs, YES,YES,Male,1
247,7,11,middle,Mobile App,0,0.025%,ETFs, YES,NO,Male,0
248,7,11,low,Mobile App,0,0%,Stocks, NO,NO,Male,0
249,7,12,top,Web App,10,0%,ETFs, NO,YES,Male,0
250,7,12,middle,Desktop App,100,0.025%,ETFs, YES,YES,Male,1
251,7,12,low,Web App,10,0.015%,Crypto, YES,YES,Male,0
252,8,1,top,Desktop App,0,0%,Commodities, YES,NO,Male,0
253,8,1,middle,Mobile App,100,0%,ETFs, YES,YES,Male,1
254,8,1,low,Web App,100,0.025%,Stocks, YES,NO,Male,0
255,8,2,top,Web App,100,0.015%,Commodities, YES,YES,Male,1
256,8,2,middle,Desktop App,10,0.015%,Crypto, YES,YES,Male,0
257,8,2,low,Mobile App,0,0.025%,Stocks, YES,YES,Male,0
258,8,3,top,Mobile App,0,0%,ETFs, YES,YES,Male,1
259,8,3,middle,Desktop App,10,0%,Commodities, NO,NO,Male,0
260,8,3,low,Mobile App,100,0.015%,Crypto, NO,YES,Male,0
261,8,4,top,Mobile App,100,0.025%,Stocks, NO,YES,Male,0
262,8,4,middle,Desktop App,10,0.015%,ETFs, NO,NO,Male,1
263,8,4,low,Web App,100,0.025%,ETFs, YES,NO,Male,0
264,8,5,top,Mobile App,10,0%,Commodities, NO,YES,Male,0
265,8,5,middle,Desktop App,10,0.015%,Commodities, YES,NO,Male,0
266,8,5,low,Desktop App,100,0.025%,ETFs, YES,YES,Male,1
267,8,6,top,Web App,0,0.015%,Stocks, YES,NO,Male,1
268,8,6,middle,Web App,100,0.025%,Crypto, NO,YES,Male,0
269,8,6,low,Mobile App,10,0.015%,Crypto, YES,YES,Male,0
270,8,7,top,Mobile App,100,0.015%,Crypto, NO,NO,Male,0
271,8,7,middle,Web App,100,0.025%,Stocks, YES,NO,Male,1
272,8,7,low,Web App,10,0.025%,Crypto, YES,YES,Male,0
273,8,8,top,Mobile App,100,0%,ETFs, NO,YES,Male,1
274,8,8,middle,Mobile App,0,0%,Commodities, NO,NO,Male,0
275,8,8,low,Web App,10,0.015%,Commodities, YES,NO,Male,0
276,8,9,top,Web App,10,0%,Stocks, YES,YES,Male,1
277,8,9,middle,Desktop App,0,0.025%,Stocks, YES,YES,Male,0
278,8,9,low,Mobile App,0,0%,ETFs, NO,NO,Male,0
279,8,10,top,Mobile App,10,0.025%,Stocks, YES,YES,Male,0
280,8,10,middle,Mobile App,10,0.025%,Crypto, YES,NO,Male,0
281,8,10,low,Web App,0,0.025%,Stocks, YES,YES,Male,1
282,8,11,top,Mobile App,0,0.025%,Stocks, YES,NO,Male,0
283,8,11,middle,Mobile App,0,0.015%,ETFs, NO,NO,Male,0
284,8,11,low,Web App,0,0%,ETFs, YES,NO,Male,1
285,8,12,top,Desktop App,0,0%,Crypto, NO,NO,Male,1
286,8,12,middle,Web App,0,0.015%,Stocks, NO,YES,Male,0
287,8,12,low,Mobile App,0,0%,Stocks, YES,NO,Male,0
288,9,1,top,Web App,100,0.025%,ETFs, NO,NO,Male,0
289,9,1,middle,Desktop App,0,0.015%,Crypto, YES,YES,Male,1
290,9,1,low,Web App,10,0.015%,Commodities, NO,NO,Male,0
291,9,2,top,Desktop App,10,0.015%,Crypto, NO,NO,Male,0
292,9,2,middle,Mobile App,0,0.025%,Commodities, NO,NO,Male,0
293,9,2,low,Desktop App,100,0.015%,Crypto, YES,YES,Male,1
294,9,3,top,Desktop App,100,0.015%,Crypto, NO,NO,Male,1
295,9,3,middle,Mobile App,0,0.025%,Commodities, YES,YES,Male,0
296,9,3,low,Mobile App,100,0%,Commodities, YES,NO,Male,0
297,9,4,top,Web App,10,0.015%,Stocks, NO,YES,Male,0
298,9,4,middle,Mobile App,0,0%,Crypto, NO,NO,Male,1
299,9,4,low,Mobile App,0,0%,ETFs, YES,NO,Male,0
300,9,5,top,Mobile App,100,0.015%,Crypto, YES,YES,Male,1
301,9,5,middle,Mobile App,100,0.015%,Stocks, YES,YES,Male,0
302,9,5,low,Desktop App,0,0.015%,Stocks, YES,NO,Male,0
303,9,6,top,Desktop App,0,0.015%,Commodities, YES,NO,Male,0
304,9,6,middle,Desktop App,10,0.015%,ETFs, NO,NO,Male,1
305,9,6,low,Web App,100,0.015%,Commodities, NO,NO,Male,0
306,9,7,top,Mobile App,100,0.025%,Stocks, YES,YES,Male,0
307,9,7,middle,Web App,100,0%,Stocks, YES,YES,Male,1
308,9,7,low,Web App,10,0.015%,Stocks, YES,YES,Male,0
309,9,8,top,Desktop App,10,0%,ETFs, NO,YES,Male,1
310,9,8,middle,Mobile App,10,0%,ETFs, NO,YES,Male,0
311,9,8,low,Web App,0,0.025%,Commodities, YES,YES,Male,0
312,9,9,top,Web App,10,0.015%,Commodities, NO,NO,Male,0
313,9,9,middle,Web App,0,0%,ETFs, NO,NO,Male,0
314,9,9,low,Web App,100,0.015%,Crypto, NO,NO,Male,1
315,9,10,top,Web App,100,0.025%,Crypto, YES,NO,Male,0
316,9,10,middle,Mobile App,100,0%,Stocks, NO,YES,Male,0
317,9,10,low,Mobile App,0,0%,Crypto, NO,YES,Male,1
318,9,11,top,Mobile App,0,0.025%,Commodities, NO,NO,Male,0
319,9,11,middle,Mobile App,0,0.015%,Crypto, YES,NO,Male,1
320,9,11,low,Web App,10,0.015%,Commodities, NO,YES,Male,0
321,9,12,top,Mobile App,10,0%,Commodities, YES,YES,Male,0
322,9,12,middle,Desktop App,0,0%,ETFs, NO,YES,Male,0
323,9,12,low,Web App,100,0.025%,Crypto, YES,YES,Male,1
324,10,1,top,Mobile App,10,0.015%,Crypto, NO,NO,Female,1
325,10,1,middle,Desktop App,10,0%,Stocks, NO,NO,Female,0
326,10,1,low,Desktop App,10,0.025%,Commodities, YES,YES,Female,0
327,10,2,top,Web App,100,0.025%,Stocks, YES,YES,Female,0
328,10,2,middle,Web App,0,0%,Stocks, NO,YES,Female,1
329,10,2,low,Desktop App,10,0%,Stocks, NO,YES,Female,0
330,10,3,top,Web App,100,0.025%,Crypto, NO,YES,Female,0
331,10,3,middle,Web App,0,0.015%,Commodities, YES,YES,Female,1
332,10,3,low,Web App,100,0.015%,Commodities, YES,NO,Female,0
333,10,4,top,Web App,100,0.015%,ETFs, YES,NO,Female,0
334,10,4,middle,Mobile App,10,0%,Commodities, YES,NO,Female,0
335,10,4,low,Web App,0,0.015%,Crypto, YES,YES,Female,1
336,10,5,top,Desktop App,0,0%,Commodities, YES,NO,Female,1
337,10,5,middle,Web App,10,0.015%,Stocks, NO,YES,Female,0
338,10,5,low,Web App,10,0.025%,Stocks, YES,NO,Female,0
339,10,6,top,Desktop App,0,0.025%,Crypto, NO,YES,Female,1
340,10,6,middle,Desktop App,10,0.025%,Stocks, YES,YES,Female,0
341,10,6,low,Mobile App,0,0.025%,Stocks, YES,YES,Female,0
342,10,7,top,Web App,0,0.025%,ETFs, NO,NO,Female,1
343,10,7,middle,Desktop App,100,0%,Crypto, YES,YES,Female,0
344,10,7,low,Web App,100,0.025%,Crypto, YES,NO,Female,0
345,10,8,top,Mobile App,0,0.025%,Crypto, YES,YES,Female,1
346,10,8,middle,Mobile App,10,0.015%,ETFs, NO,YES,Female,0
347,10,8,low,Mobile App,100,0.025%,Crypto, YES,YES,Female,0
348,10,9,top,Mobile App,10,0.025%,Commodities, YES,NO,Female,1
349,10,9,middle,Desktop App,100,0.015%,Commodities, YES,YES,Female,0
350,10,9,low,Web App,0,0.025%,Crypto, NO,NO,Female,0
351,10,10,top,Desktop App,10,0%,ETFs, NO,NO,Female,0
352,10,10,middle,Mobile App,100,0%,Crypto, NO,YES,Female,1
353,10,10,low,Web App,100,0.025%,ETFs, NO,YES,Female,0
354,10,11,top,Mobile App,100,0%,Crypto, YES,YES,Female,0
355,10,11,middle,Web App,10,0.025%,Stocks, YES,YES,Female,1
356,10,11,low,Mobile App,100,0.015%,Commodities, YES,NO,Female,0
357,10,12,top,Web App,10,0%,Stocks, NO,YES,Female,0
358,10,12,middle,Web App,10,0.025%,Commodities, YES,YES,Female,0
359,10,12,low,Mobile App,0,0%,ETFs, YES,NO,Female,1
360,11,1,top,Mobile App,10,0%,Commodities, NO,NO,Female,1
361,11,1,middle,Web App,0,0.015%,Crypto, NO,YES,Female,0
362,11,1,low,Desktop App,0,0%,Stocks, YES,YES,Female,0
363,11,2,top,Desktop App,100,0.025%,Commodities, NO,NO,Female,1
364,11,2,middle,Web App,0,0.025%,Crypto, NO,NO,Female,0
365,11,2,low,Mobile App,100,0.015%,Commodities, YES,NO,Female,0
366,11,3,top,Desktop App,10,0.025%,ETFs, YES,YES,Female,1
367,11,3,middle,Desktop App,0,0.025%,Commodities, NO,YES,Female,0
368,11,3,low,Mobile App,10,0.015%,Crypto, NO,NO,Female,0
369,11,4,top,Mobile App,10,0%,Stocks, YES,NO,Female,1
370,11,4,middle,Desktop App,0,0%,Crypto, YES,NO,Female,0
371,11,4,low,Web App,0,0.015%,Crypto, YES,NO,Female,0
372,11,5,top,Web App,10,0.015%,Stocks, NO,YES,Female,1
373,11,5,middle,Web App,100,0%,Stocks, NO,NO,Female,0
374,11,5,low,Mobile App,0,0%,Crypto, YES,YES,Female,0
375,11,6,top,Web App,0,0%,Stocks, YES,NO,Female,1
376,11,6,middle,Web App,10,0%,Commodities, NO,NO,Female,0
377,11,6,low,Mobile App,100,0.025%,Stocks, NO,NO,Female,0
378,11,7,top,Web App,100,0.015%,ETFs, YES,YES,Female,1
379,11,7,middle,Web App,10,0.015%,Crypto, YES,NO,Female,0
380,11,7,low,Mobile App,100,0%,Commodities, NO,YES,Female,0
381,11,8,top,Web App,100,0%,ETFs, YES,NO,Female,1
382,11,8,middle,Desktop App,100,0.015%,Crypto, NO,YES,Female,0
383,11,8,low,Desktop App,0,0.025%,Stocks, NO,YES,Female,0
384,11,9,top,Web App,100,0.015%,Crypto, NO,YES,Female,1
385,11,9,middle,Desktop App,100,0.015%,Commodities, NO,YES,Female,0
386,11,9,low,Desktop App,0,0%,Crypto, YES,YES,Female,0
387,11,10,top,Web App,0,0.015%,Stocks, NO,YES,Female,1
388,11,10,middle,Mobile App,10,0.015%,Crypto, YES,NO,Female,0
389,11,10,low,Desktop App,0,0.015%,ETFs, NO,NO,Female,0
390,11,11,top,Web App,10,0.015%,ETFs, NO,NO,Female,1
391,11,11,middle,Mobile App,0,0.015%,Commodities, YES,NO,Female,0
392,11,11,low,Web App,0,0.025%,Stocks, YES,NO,Female,0
393,11,12,top,Desktop App,0,0.015%,Crypto, YES,NO,Female,1
394,11,12,middle,Mobile App,100,0.015%,Commodities, NO,NO,Female,0
395,11,12,low,Desktop App,10,0%,Stocks, NO,NO,Female,0
396,12,1,top,Mobile App,100,0.025%,ETFs, YES,YES,Female,1
397,12,1,middle,Web App,100,0.015%,Stocks, NO,YES,Female,0
398,12,1,low,Desktop App,100,0%,ETFs, NO,YES,Female,0
399,12,2,top,Mobile App,100,0%,Commodities, NO,NO,Female,1
400,12,2,middle,Desktop App,10,0.015%,ETFs, NO,YES,Female,0
401,12,2,low,Mobile App,100,0%,ETFs, NO,YES,Female,0
402,12,3,top,Mobile App,10,0.015%,Crypto, NO,NO,Female,0
403,12,3,middle,Desktop App,10,0%,Crypto, NO,YES,Female,0
404,12,3,low,Mobile App,100,0.015%,Commodities, NO,NO,Female,1
405,12,4,top,Web App,100,0%,Stocks, NO,NO,Female,0
406,12,4,middle,Web App,0,0.015%,Commodities, NO,YES,Female,0
407,12,4,low,Web App,0,0.015%,Stocks, YES,NO,Female,1
408,12,5,top,Mobile App,100,0%,Crypto, NO,YES,Female,0
409,12,5,middle,Mobile App,10,0.025%,Stocks, NO,NO,Female,1
410,12,5,low,Web App,0,0.015%,Crypto, YES,YES,Female,0
411,12,6,top,Desktop App,10,0.025%,Stocks, YES,NO,Female,0
412,12,6,middle,Mobile App,10,0.015%,ETFs, NO,YES,Female,0
413,12,6,low,Web App,10,0.025%,ETFs, NO,YES,Female,1
414,12,7,top,Mobile App,0,0.025%,ETFs, YES,YES,Female,0
415,12,7,middle,Mobile App,0,0%,ETFs, YES,YES,Female,0
416,12,7,low,Desktop App,0,0.015%,ETFs, NO,YES,Female,1
417,12,8,top,Desktop App,100,0.015%,Crypto, YES,NO,Female,0
418,12,8,middle,Web App,0,0.025%,ETFs, NO,NO,Female,1
419,12,8,low,Web App,0,0.015%,Stocks, YES,YES,Female,0
420,12,9,top,Mobile App,0,0%,ETFs, YES,YES,Female,1
421,12,9,middle,Mobile App,10,0%,Stocks, NO,NO,Female,0
422,12,9,low,Desktop App,10,0%,Commodities, YES,YES,Female,0
423,12,10,top,Desktop App,100,0.015%,ETFs, NO,NO,Female,0
424,12,10,middle,Desktop App,0,0.025%,Stocks, NO,NO,Female,0
425,12,10,low,Desktop App,10,0.025%,ETFs, NO,YES,Female,1
426,12,11,top,Web App,100,0.015%,ETFs, YES,NO,Female,1
427,12,11,middle,Web App,0,0%,Stocks, YES,YES,Female,0
428,12,11,low,Mobile App,0,0.025%,Stocks, NO,YES,Female,0
429,12,12,top,Web App,0,0%,Crypto, NO,NO,Female,0
430,12,12,middle,Desktop App,10,0.015%,Crypto, NO,YES,Female,0
431,12,12,low,Web App,0,0%,Commodities, NO,YES,Female,1
721,21,1,middle,Web App,0,0%,Commodities, NO,NO,Male,0
722,21,1,low,Mobile App,0,0%,Stocks, NO,NO,Male,1
723,21,2,top,Mobile App,0,0.025%,ETFs, YES,NO,Male,1
724,21,2,middle,Web App,0,0%,Commodities, YES,YES,Male,0
725,21,2,low,Mobile App,100,0.015%,Stocks, YES,YES,Male,0
726,21,3,top,Desktop App,0,0.015%,ETFs, YES,YES,Male,0
727,21,3,middle,Web App,10,0%,Commodities, YES,NO,Male,0
728,21,3,low,Web App,0,0.025%,Commodities, YES,YES,Male,1
729,21,4,top,Mobile App,0,0.025%,Commodities, YES,YES,Male,1
730,21,4,middle,Web App,0,0.025%,Commodities, NO,YES,Male,0
731,21,4,low,Mobile App,0,0%,Crypto, YES,YES,Male,0
732,21,5,top,Desktop App,100,0.015%,ETFs, YES,NO,Male,0
733,21,5,middle,Mobile App,0,0.025%,Commodities, YES,NO,Male,1
734,21,5,low,Mobile App,0,0.025%,ETFs, YES,NO,Male,0
735,21,6,top,Mobile App,0,0.015%,ETFs, NO,NO,Male,0
736,21,6,middle,Web App,100,0.025%,Commodities, NO,YES,Male,0
737,21,6,low,Mobile App,100,0%,ETFs, YES,NO,Male,1
738,21,7,top,Web App,10,0.025%,Crypto, NO,YES,Male,0
739,21,7,middle,Mobile App,0,0.025%,Crypto, NO,YES,Male,1
740,21,7,low,Desktop App,0,0.015%,Commodities, YES,YES,Male,0
741,21,8,top,Mobile App,100,0.025%,ETFs, YES,NO,Male,1
742,21,8,middle,Desktop App,0,0.025%,Crypto, NO,YES,Male,0
743,21,8,low,Mobile App,0,0.025%,Commodities, YES,YES,Male,0
744,21,9,top,Mobile App,0,0.015%,Commodities, NO,YES,Male,0
745,21,9,middle,Web App,0,0.015%,Stocks, YES,NO,Male,1
746,21,9,low,Web App,100,0.015%,Crypto, NO,YES,Male,0
747,21,10,top,Mobile App,10,0.025%,Stocks, NO,YES,Male,0
748,21,10,middle,Desktop App,100,0%,Stocks, YES,NO,Male,0
749,21,10,low,Desktop App,100,0.025%,ETFs, NO,YES,Male,1
750,21,11,top,Web App,100,0%,ETFs, NO,NO,Male,1
751,21,11,middle,Mobile App,0,0%,ETFs, YES,NO,Male,0
752,21,11,low,Mobile App,10,0.025%,Stocks, YES,NO,Male,0
753,21,12,top,Desktop App,10,0.015%,Commodities, YES,NO,Male,1
754,21,12,middle,Web App,0,0.015%,Crypto, YES,NO,Male,0
755,21,12,low,Web App,100,0.025%,Commodities, NO,YES,Male,0
756,22,1,top,Web App,100,0.025%,Commodities, NO,YES,Female,0
757,22,1,middle,Web App,100,0%,ETFs, YES,YES,Female,1
758,22,1,low,Web App,10,0.025%,Crypto, YES,NO,Female,0
759,22,2,top,Desktop App,0,0.025%,ETFs, YES,NO,Female,0
760,22,2,middle,Web App,0,0.025%,ETFs, NO,NO,Female,1
761,22,2,low,Web App,100,0.025%,Stocks, YES,NO,Female,0
762,22,3,top,Desktop App,0,0.015%,Commodities, NO,YES,Female,1
763,22,3,middle,Web App,100,0.025%,Commodities, YES,YES,Female,0
764,22,3,low,Mobile App,10,0.015%,Commodities, YES,NO,Female,0
765,22,4,top,Mobile App,10,0%,Crypto, NO,YES,Female,1
766,22,4,middle,Desktop App,10,0.025%,Crypto, NO,YES,Female,0
767,22,4,low,Web App,100,0.015%,Crypto, YES,YES,Female,0
768,22,5,top,Desktop App,10,0.015%,Stocks, NO,YES,Female,1
769,22,5,middle,Web App,0,0.015%,Stocks, NO,YES,Female,0
770,22,5,low,Mobile App,100,0.015%,Stocks, YES,NO,Female,0
771,22,6,top,Mobile App,10,0%,Stocks, NO,YES,Female,1
772,22,6,middle,Mobile App,0,0%,Crypto, NO,YES,Female,0
773,22,6,low,Desktop App,10,0.015%,Stocks, NO,NO,Female,0
774,22,7,top,Desktop App,10,0.025%,Stocks, NO,YES,Female,0
775,22,7,middle,Mobile App,10,0%,Commodities, YES,NO,Female,0
776,22,7,low,Mobile App,0,0%,Commodities, YES,YES,Female,1
777,22,8,top,Web App,10,0%,ETFs, YES,YES,Female,1
778,22,8,middle,Desktop App,10,0.015%,ETFs, NO,NO,Female,0
779,22,8,low,Desktop App,100,0.025%,Commodities, YES,NO,Female,0
780,22,9,top,Mobile App,0,0.025%,ETFs, NO,YES,Female,1
781,22,9,middle,Desktop App,0,0.025%,Commodities, NO,NO,Female,0
782,22,9,low,Desktop App,100,0.015%,ETFs, YES,NO,Female,0
783,22,10,top,Mobile App,100,0.015%,ETFs, YES,YES,Female,1
784,22,10,middle,Desktop App,10,0.015%,Crypto, YES,YES,Female,0
785,22,10,low,Web App,10,0%,Crypto, YES,YES,Female,0
786,22,11,top,Mobile App,0,0.025%,Commodities, NO,NO,Female,0
787,22,11,middle,Mobile App,100,0%,ETFs, NO,NO,Female,1
788,22,11,low,Web App,100,0.025%,ETFs, YES,YES,Female,0
789,22,12,top,Mobile App,100,0%,Commodities, NO,NO,Female,1
790,22,12,middle,Desktop App,100,0%,ETFs, YES,YES,Female,0
791,22,12,low,Mobile App,0,0%,Commodities, NO,NO,Female,0
792,23,1,top,Mobile App,10,0.025%,Crypto, NO,YES,Male,0
793,23,1,middle,Mobile App,0,0%,ETFs, NO,NO,Male,0
794,23,1,low,Web App,0,0%,Stocks, YES,YES,Male,1
795,23,2,top,Mobile App,0,0%,Commodities, YES,YES,Male,0
796,23,2,middle,Mobile App,0,0%,Crypto, YES,YES,Male,1
797,23,2,low,Web App,100,0.025%,Crypto, YES,YES,Male,0
798,23,3,top,Web App,10,0%,ETFs, NO,YES,Male,0
799,23,3,middle,Desktop App,10,0.015%,ETFs, NO,NO,Male,0
800,23,3,low,Web App,0,0.025%,ETFs, NO,YES,Male,1
801,23,4,top,Web App,100,0.015%,Stocks, YES,NO,Male,0
802,23,4,middle,Desktop App,100,0%,ETFs, NO,NO,Male,1
803,23,4,low,Desktop App,0,0.015%,ETFs, YES,YES,Male,0
804,23,5,top,Web App,0,0.015%,Commodities, YES,YES,Male,0
805,23,5,middle,Desktop App,0,0.025%,ETFs, YES,YES,Male,1
806,23,5,low,Mobile App,10,0.025%,Crypto, YES,YES,Male,0
807,23,6,top,Mobile App,0,0.025%,Stocks, YES,NO,Male,1
808,23,6,middle,Mobile App,10,0%,Stocks, NO,YES,Male,0
809,23,6,low,Web App,0,0%,Stocks, NO,YES,Male,0
810,23,7,top,Mobile App,100,0.015%,ETFs, NO,YES,Male,0
811,23,7,middle,Web App,10,0.015%,Crypto, NO,NO,Male,1
812,23,7,low,Web App,100,0.015%,Crypto, NO,YES,Male,0
813,23,8,top,Mobile App,0,0.025%,Commodities, YES,NO,Male,0
814,23,8,middle,Web App,100,0.015%,ETFs, YES,NO,Male,0
815,23,8,low,Desktop App,10,0%,Commodities, NO,NO,Male,1
816,23,9,top,Mobile App,0,0.025%,ETFs, NO,NO,Male,0
817,23,9,middle,Web App,0,0.025%,Crypto, YES,YES,Male,0
818,23,9,low,Web App,100,0.015%,ETFs, NO,YES,Male,1
819,23,10,top,Mobile App,100,0%,Stocks, NO,NO,Male,0
820,23,10,middle,Desktop App,100,0.015%,ETFs, NO,NO,Male,1
821,23,10,low,Mobile App,0,0.025%,Commodities, NO,YES,Male,0
822,23,11,top,Mobile App,0,0.025%,Commodities, YES,YES,Male,0
823,23,11,middle,Desktop App,10,0.025%,Commodities, NO,NO,Male,1
824,23,11,low,Web App,10,0.015%,Commodities, NO,NO,Male,0
825,23,12,top,Desktop App,10,0%,Stocks, YES,YES,Male,0
826,23,12,middle,Web App,0,0%,Crypto, NO,NO,Male,0
827,23,12,low,Desktop App,10,0.025%,Crypto, YES,NO,Male,1
828,24,1,top,Mobile App,10,0.015%,Commodities, YES,NO,Female,1
829,24,1,middle,Mobile App,0,0.025%,ETFs, YES,NO,Female,0
830,24,1,low,Desktop App,0,0.025%,Crypto, NO,YES,Female,0
831,24,2,top,Mobile App,10,0%,Stocks, NO,YES,Female,1
832,24,2,middle,Mobile App,10,0.015%,Stocks, NO,NO,Female,0
833,24,2,low,Desktop App,0,0.015%,Commodities, NO,NO,Female,0
834,24,3,top,Web App,0,0.015%,Commodities, NO,NO,Female,1
835,24,3,middle,Desktop App,10,0.015%,Stocks, NO,YES,Female,0
836,24,3,low,Desktop App,100,0%,ETFs, YES,YES,Female,0
837,24,4,top,Mobile App,100,0.015%,ETFs, NO,NO,Female,1
838,24,4,middle,Mobile App,0,0%,ETFs, NO,YES,Female,0
839,24,4,low,Web App,0,0.015%,Crypto, NO,YES,Female,0
840,24,5,top,Web App,100,0%,Stocks, NO,YES,Female,1
841,24,5,middle,Web App,100,0.025%,ETFs, NO,NO,Female,0
842,24,5,low,Desktop App,0,0.015%,ETFs, YES,NO,Female,0
843,24,6,top,Desktop App,0,0.025%,ETFs, NO,NO,Female,0
844,24,6,middle,Mobile App,0,0.025%,Crypto, NO,YES,Female,1
845,24,6,low,Mobile App,100,0.015%,Commodities, YES,YES,Female,0
846,24,7,top,Desktop App,0,0.015%,Commodities, YES,YES,Female,0
847,24,7,middle,Web App,10,0.025%,Commodities, NO,YES,Female,1
848,24,7,low,Desktop App,100,0.015%,Commodities, NO,NO,Female,0
849,24,8,top,Desktop App,0,0.015%,Crypto, YES,YES,Female,0
850,24,8,middle,Web App,10,0%,ETFs, YES,NO,Female,1
851,24,8,low,Desktop App,100,0.015%,Commodities, NO,YES,Female,0
852,24,9,top,Desktop App,10,0.015%,ETFs, YES,YES,Female,0
853,24,9,middle,Desktop App,10,0.015%,Stocks, NO,YES,Female,1
854,24,9,low,Web App,10,0%,Crypto, YES,NO,Female,0
855,24,10,top,Mobile App,10,0.025%,Stocks, NO,NO,Female,1
856,24,10,middle,Mobile App,0,0.015%,Crypto, YES,NO,Female,0
857,24,10,low,Web App,0,0.015%,ETFs, YES,NO,Female,0
858,24,11,top,Mobile App,10,0.015%,Commodities, NO,YES,Female,0
859,24,11,middle,Mobile App,100,0%,Stocks, YES,YES,Female,1
860,24,11,low,Mobile App,10,0.015%,Stocks, YES,NO,Female,0
861,24,12,top,Desktop App,10,0.015%,Crypto, YES,YES,Female,0
862,24,12,middle,Desktop App,10,0.015%,ETFs, YES,NO,Female,1
863,24,12,low,Web App,100,0.015%,ETFs, NO,NO,Female,0
864,25,1,top,Web App,0,0%,Stocks, NO,NO,Male,1
865,25,1,middle,Mobile App,0,0.025%,Crypto, NO,YES,Male,0
866,25,1,low,Web App,10,0.025%,Commodities, NO,YES,Male,0
867,25,2,top,Mobile App,10,0.025%,ETFs, YES,YES,Male,0
868,25,2,middle,Mobile App,10,0%,Commodities, NO,NO,Male,0
869,25,2,low,Mobile App,100,0%,Stocks, YES,YES,Male,1
870,25,3,top,Web App,10,0%,Stocks, YES,NO,Male,1
871,25,3,middle,Mobile App,10,0.025%,Stocks, YES,NO,Male,0
872,25,3,low,Web App,100,0.025%,Stocks, NO,YES,Male,0
873,25,4,top,Web App,100,0%,ETFs, NO,YES,Male,1
874,25,4,middle,Mobile App,0,0%,Commodities, NO,NO,Male,0
875,25,4,low,Desktop App,100,0%,Commodities, NO,NO,Male,0
876,25,5,top,Web App,10,0.015%,Stocks, YES,NO,Male,1
877,25,5,middle,Mobile App,10,0.015%,Commodities, YES,NO,Male,0
878,25,5,low,Web App,0,0.025%,ETFs, YES,YES,Male,0
879,25,6,top,Mobile App,10,0.015%,Stocks, NO,NO,Male,0
880,25,6,middle,Desktop App,10,0.025%,Commodities, NO,YES,Male,0
881,25,6,low,Web App,10,0%,Crypto, NO,YES,Male,1
882,25,7,top,Web App,0,0%,Stocks, YES,NO,Male,1
883,25,7,middle,Mobile App,0,0.015%,Commodities, NO,YES,Male,0
884,25,7,low,Desktop App,0,0.015%,ETFs, YES,YES,Male,0
885,25,8,top,Web App,0,0.025%,Crypto, NO,NO,Male,0
886,25,8,middle,Mobile App,10,0.015%,Crypto, NO,NO,Male,1
887,25,8,low,Mobile App,10,0.015%,ETFs, NO,NO,Male,0
888,25,9,top,Desktop App,10,0%,Commodities, YES,YES,Male,0
889,25,9,middle,Web App,100,0.025%,Commodities, YES,NO,Male,0
890,25,9,low,Web App,100,0.015%,ETFs, YES,YES,Male,1
891,25,10,top,Web App,100,0.015%,ETFs, NO,NO,Male,0
892,25,10,middle,Web App,10,0.025%,Stocks, YES,YES,Male,1
893,25,10,low,Desktop App,0,0%,ETFs, NO,NO,Male,0
894,25,11,top,Mobile App,100,0%,Commodities, YES,NO,Male,0
895,25,11,middle,Mobile App,10,0.025%,Stocks, NO,YES,Male,1
896,25,11,low,Desktop App,100,0.025%,Crypto, NO,YES,Male,0
897,25,12,top,Mobile App,100,0.015%,Commodities, NO,YES,Male,0
898,25,12,middle,Desktop App,100,0%,Commodities, NO,NO,Male,0
899,25,12,low,Desktop App,0,0%,Commodities, YES,YES,Male,1
900,26,1,top,Web App,10,0.015%,Crypto, NO,NO,Male,0
901,26,1,middle,Mobile App,0,0.015%,Commodities, NO,YES,Male,1
902,26,1,low,Desktop App,0,0%,ETFs, YES,NO,Male,0
903,26,2,top,Mobile App,0,0.025%,Commodities, NO,YES,Male,1
904,26,2,middle,Desktop App,0,0%,Stocks, NO,NO,Male,0
905,26,2,low,Desktop App,100,0.015%,Stocks, NO,YES,Male,0
906,26,3,top,Desktop App,100,0%,ETFs, NO,NO,Male,0
907,26,3,middle,Web App,10,0.025%,Commodities, NO,YES,Male,1
908,26,3,low,Desktop App,100,0.015%,Crypto, NO,NO,Male,0
909,26,4,top,Web App,10,0.025%,ETFs, YES,NO,Male,1
910,26,4,middle,Desktop App,100,0.015%,Commodities, YES,YES,Male,0
911,26,4,low,Desktop App,100,0.025%,Crypto, YES,NO,Male,0
912,26,5,top,Desktop App,10,0.015%,Stocks, NO,NO,Male,1
913,26,5,middle,Desktop App,100,0.015%,ETFs, YES,NO,Male,0
914,26,5,low,Desktop App,10,0.025%,Commodities, NO,YES,Male,0
915,26,6,top,Desktop App,100,0%,Crypto, YES,YES,Male,0
916,26,6,middle,Web App,0,0%,Crypto, NO,YES,Male,0
917,26,6,low,Mobile App,10,0.025%,Commodities, YES,YES,Male,1
918,26,7,top,Mobile App,0,0.015%,Crypto, NO,NO,Male,0
919,26,7,middle,Web App,0,0.025%,Crypto, NO,YES,Male,0
920,26,7,low,Mobile App,0,0%,Crypto, NO,YES,Male,1
921,26,8,top,Desktop App,0,0.015%,Stocks, YES,NO,Male,0
922,26,8,middle,Desktop App,100,0%,Stocks, NO,NO,Male,0
923,26,8,low,Web App,10,0.015%,Stocks, NO,NO,Male,1
924,26,9,top,Desktop App,10,0.015%,Commodities, NO,NO,Male,0
925,26,9,middle,Web App,100,0.025%,Stocks, YES,YES,Male,1
926,26,9,low,Desktop App,0,0%,Stocks, YES,NO,Male,0
927,26,10,top,Web App,0,0%,ETFs, NO,YES,Male,1
928,26,10,middle,Web App,10,0%,Crypto, NO,NO,Male,0
929,26,10,low,Desktop App,10,0.025%,ETFs, YES,YES,Male,0
930,26,11,top,Desktop App,0,0%,ETFs, NO,NO,Male,0
931,26,11,middle,Desktop App,100,0%,Commodities, YES,YES,Male,0
932,26,11,low,Web App,100,0.015%,Crypto, YES,YES,Male,1
933,26,12,top,Web App,10,0%,Stocks, NO,YES,Male,1
934,26,12,middle,Web App,100,0%,Stocks, YES,YES,Male,0
935,26,12,low,Web App,10,0%,ETFs, YES,NO,Male,0
936,27,1,top,Desktop App,10,0%,Crypto, YES,NO,Male,0
937,27,1,middle,Mobile App,100,0%,Stocks, YES,NO,Male,0
938,27,1,low,Desktop App,0,0%,ETFs, NO,YES,Male,1
939,27,2,top,Mobile App,100,0.015%,Commodities, NO,YES,Male,0
940,27,2,middle,Desktop App,10,0.015%,ETFs, NO,YES,Male,0
941,27,2,low,Mobile App,0,0.015%,Crypto, YES,YES,Male,1
942,27,3,top,Mobile App,10,0.015%,Stocks, YES,YES,Male,0
943,27,3,middle,Desktop App,0,0.025%,Commodities, YES,NO,Male,0
944,27,3,low,Mobile App,100,0.025%,ETFs, NO,YES,Male,1
945,27,4,top,Mobile App,100,0.025%,Crypto, YES,NO,Male,0
946,27,4,middle,Desktop App,10,0.025%,Stocks, NO,NO,Male,0
947,27,4,low,Desktop App,100,0.025%,ETFs, NO,YES,Male,1
948,27,5,top,Mobile App,100,0.015%,ETFs, NO,NO,Male,0
949,27,5,middle,Mobile App,100,0%,Stocks, YES,YES,Male,1
950,27,5,low,Web App,100,0.015%,Commodities, NO,NO,Male,0
951,27,6,top,Web App,100,0.015%,ETFs, YES,YES,Male,1
952,27,6,middle,Mobile App,10,0.015%,Stocks, YES,NO,Male,0
953,27,6,low,Web App,0,0.015%,ETFs, NO,YES,Male,0
954,27,7,top,Desktop App,100,0%,Commodities, NO,NO,Male,0
955,27,7,middle,Desktop App,0,0.025%,ETFs, YES,NO,Male,1
956,27,7,low,Mobile App,0,0.025%,Commodities, NO,YES,Male,0
957,27,8,top,Web App,100,0%,Stocks, NO,NO,Male,1
958,27,8,middle,Desktop App,100,0.025%,Stocks, NO,NO,Male,0
959,27,8,low,Desktop App,10,0.015%,Commodities, NO,NO,Male,0
960,27,9,top,Web App,100,0.015%,Stocks, YES,NO,Male,1
961,27,9,middle,Desktop App,10,0.015%,Commodities, NO,NO,Male,0
962,27,9,low,Mobile App,10,0%,Commodities, YES,NO,Male,0
963,27,10,top,Desktop App,100,0%,Stocks, NO,YES,Male,1
964,27,10,middle,Desktop App,0,0%,ETFs, NO,YES,Male,0
965,27,10,low,Mobile App,100,0%,Crypto, YES,YES,Male,0
966,27,11,top,Mobile App,10,0.025%,Stocks, NO,NO,Male,0
967,27,11,middle,Web App,10,0.015%,Commodities, NO,YES,Male,0
968,27,11,low,Mobile App,10,0.015%,Stocks, YES,YES,Male,1
969,27,12,top,Desktop App,0,0.015%,Commodities, NO,YES,Male,0
970,27,12,middle,Mobile App,0,0.025%,Stocks, YES,YES,Male,0
971,27,12,low,Mobile App,100,0%,Stocks, YES,YES,Male,1
972,28,1,top,Mobile App,0,0.015%,ETFs, YES,NO,Male,1
973,28,1,middle,Web App,10,0%,Crypto, NO,YES,Male,0
974,28,1,low,Mobile App,0,0%,Stocks, YES,YES,Male,0
975,28,2,top,Desktop App,0,0%,Crypto, NO,NO,Male,0
976,28,2,middle,Web App,100,0%,ETFs, NO,NO,Male,1
977,28,2,low,Desktop App,10,0.025%,Crypto, YES,NO,Male,0
978,28,3,top,Mobile App,0,0.015%,Commodities, YES,YES,Male,0
979,28,3,middle,Mobile App,10,0.015%,ETFs, NO,NO,Male,1
980,28,3,low,Mobile App,100,0%,Crypto, NO,NO,Male,0
981,28,4,top,Web App,0,0.025%,Commodities, YES,NO,Male,0
982,28,4,middle,Web App,0,0.015%,Commodities, YES,YES,Male,0
983,28,4,low,Web App,10,0.015%,ETFs, NO,NO,Male,1
984,28,5,top,Mobile App,0,0.025%,ETFs, YES,YES,Male,1
985,28,5,middle,Web App,0,0.015%,Crypto, NO,NO,Male,0
986,28,5,low,Desktop App,10,0.025%,Commodities, YES,NO,Male,0
987,28,6,top,Desktop App,100,0.025%,Stocks, YES,YES,Male,0
988,28,6,middle,Desktop App,100,0.015%,Commodities, YES,NO,Male,1
989,28,6,low,Mobile App,10,0.015%,Stocks, NO,NO,Male,0
990,28,7,top,Mobile App,10,0.015%,ETFs, NO,NO,Male,1
991,28,7,middle,Desktop App,10,0.025%,Stocks, YES,NO,Male,0
992,28,7,low,Web App,0,0%,Stocks, NO,YES,Male,0
993,28,8,top,Web App,10,0%,ETFs, NO,NO,Male,1
994,28,8,middle,Web App,10,0%,Crypto, NO,YES,Male,0
995,28,8,low,Desktop App,0,0%,Crypto, NO,NO,Male,0
996,28,9,top,Mobile App,10,0%,Crypto, NO,NO,Male,1
997,28,9,middle,Mobile App,100,0.015%,Stocks, NO,NO,Male,0
998,28,9,low,Desktop App,100,0.025%,Crypto, YES,NO,Male,0
999,28,10,top,Desktop App,100,0.025%,Stocks, YES,NO,Male,0
1000,28,10,middle,Desktop App,100,0.025%,Commodities, YES,YES,Male,1
1001,28,10,low,Mobile App,0,0%,Crypto, NO,YES,Male,0
1002,28,11,top,Web App,10,0.025%,Stocks, YES,YES,Male,0
1003,28,11,middle,Web App,0,0.025%,Commodities, YES,NO,Male,0
1004,28,11,low,Desktop App,0,0.015%,ETFs, YES,NO,Male,1
1005,28,12,top,Desktop App,0,0%,Stocks, YES,YES,Male,0
1006,28,12,middle,Desktop App,0,0.025%,Crypto, NO,YES,Male,0
1007,28,12,low,Desktop App,10,0.015%,ETFs, NO,YES,Male,1
1008,29,1,top,Mobile App,10,0%,Crypto, YES,NO,Male,0
1009,29,1,middle,Mobile App,100,0%,Stocks, YES,YES,Male,0
1010,29,1,low,Web App,100,0.015%,ETFs, YES,YES,Male,1
1011,29,2,top,Mobile App,10,0%,Crypto, YES,NO,Male,0
1012,29,2,middle,Mobile App,0,0.015%,ETFs, YES,YES,Male,1
1013,29,2,low,Desktop App,10,0.025%,Crypto, NO,NO,Male,0
1014,29,3,top,Desktop App,100,0.015%,Commodities, YES,NO,Male,0
1015,29,3,middle,Mobile App,0,0.015%,Stocks, YES,NO,Male,1
1016,29,3,low,Mobile App,100,0%,Crypto, YES,NO,Male,0
1017,29,4,top,Web App,0,0%,Stocks, YES,YES,Male,0
1018,29,4,middle,Mobile App,100,0%,Crypto, NO,NO,Male,0
1019,29,4,low,Web App,100,0.015%,ETFs, YES,YES,Male,1
1020,29,5,top,Desktop App,100,0.025%,ETFs, YES,NO,Male,0
1021,29,5,middle,Web App,10,0.025%,Stocks, YES,NO,Male,0
1022,29,5,low,Web App,10,0%,ETFs, NO,NO,Male,1
1023,29,6,top,Mobile App,10,0.025%,Stocks, YES,YES,Male,0
1024,29,6,middle,Desktop App,100,0.015%,Commodities, YES,YES,Male,0
1025,29,6,low,Mobile App,10,0.015%,Stocks, NO,YES,Male,1
1026,29,7,top,Web App,100,0%,Crypto, NO,NO,Male,0
1027,29,7,middle,Mobile App,10,0.025%,Crypto, NO,YES,Male,0
1028,29,7,low,Web App,100,0.015%,Crypto, NO,YES,Male,1
1029,29,8,top,Mobile App,0,0.025%,ETFs, NO,NO,Male,0
1030,29,8,middle,Mobile App,0,0%,ETFs, NO,YES,Male,0
1031,29,8,low,Web App,10,0%,ETFs, YES,YES,Male,1
1032,29,9,top,Desktop App,0,0.025%,Commodities, YES,NO,Male,0
1033,29,9,middle,Web App,100,0.025%,Commodities, YES,NO,Male,0
1034,29,9,low,Mobile App,10,0.025%,Stocks, YES,NO,Male,1
1035,29,10,top,Desktop App,100,0%,Stocks, YES,YES,Male,0
1036,29,10,middle,Desktop App,10,0%,Commodities, YES,NO,Male,0
1037,29,10,low,Web App,100,0.025%,ETFs, NO,YES,Male,1
1038,29,11,top,Mobile App,10,0.025%,Stocks, YES,YES,Male,1
1039,29,11,middle,Mobile App,100,0.025%,Crypto, YES,NO,Male,0
1040,29,11,low,Web App,10,0.025%,Crypto, YES,YES,Male,0
1041,29,12,top,Mobile App,10,0%,Stocks, NO,NO,Male,0
1042,29,12,middle,Mobile App,0,0.025%,Commodities, NO,NO,Male,1
1043,29,12,low,Mobile App,100,0.025%,Crypto, YES,NO,Male,0
1044,30,1,top,Web App,0,0%,Crypto, NO,YES,Male,0
1045,30,1,middle,Desktop App,100,0%,Crypto, NO,NO,Male,0
1046,30,1,low,Mobile App,10,0%,ETFs, NO,YES,Male,1
1047,30,2,top,Web App,100,0%,Stocks, YES,YES,Male,1
1048,30,2,middle,Web App,0,0.025%,Stocks, NO,NO,Male,0
1049,30,2,low,Web App,100,0%,Crypto, YES,YES,Male,0
1050,30,3,top,Mobile App,10,0%,Crypto, YES,NO,Male,0
1051,30,3,middle,Web App,10,0%,Commodities, NO,YES,Male,1
1052,30,3,low,Desktop App,100,0%,Commodities, NO,NO,Male,0
1053,30,4,top,Desktop App,100,0%,ETFs, YES,YES,Male,1
1054,30,4,middle,Mobile App,100,0.025%,Stocks, YES,YES,Male,0
1055,30,4,low,Web App,100,0.025%,Crypto, YES,YES,Male,0
1056,30,5,top,Web App,10,0.025%,Commodities, NO,YES,Male,0
1057,30,5,middle,Desktop App,0,0.025%,Commodities, YES,YES,Male,1
1058,30,5,low,Web App,0,0.025%,Commodities, NO,YES,Male,0
1059,30,6,top,Mobile App,10,0.025%,Commodities, YES,YES,Male,1
1060,30,6,middle,Desktop App,0,0.025%,Crypto, YES,NO,Male,0
1061,30,6,low,Desktop App,0,0%,Commodities, NO,NO,Male,0
1062,30,7,top,Web App,0,0%,Commodities, NO,YES,Male,1
1063,30,7,middle,Mobile App,10,0.015%,Commodities, YES,NO,Male,0
1064,30,7,low,Desktop App,100,0%,Commodities, YES,NO,Male,0
1065,30,8,top,Desktop App,10,0%,Crypto, NO,YES,Male,1
1066,30,8,middle,Web App,10,0.015%,Commodities, YES,NO,Male,0
1067,30,8,low,Desktop App,10,0.015%,ETFs, YES,NO,Male,0
1068,30,9,top,Desktop App,100,0.015%,Stocks, NO,YES,Male,0
1069,30,9,middle,Mobile App,10,0%,ETFs, YES,NO,Male,1
1070,30,9,low,Web App,0,0.025%,ETFs, NO,NO,Male,0
1071,30,10,top,Desktop App,100,0.025%,ETFs, YES,NO,Male,0
1072,30,10,middle,Mobile App,10,0.025%,ETFs, YES,NO,Male,0
1073,30,10,low,Mobile App,10,0.015%,Stocks, NO,YES,Male,1
1074,30,11,top,Web App,0,0%,Commodities, NO,NO,Male,0
1075,30,11,middle,Mobile App,0,0.015%,Commodities, NO,YES,Male,0
1076,30,11,low,Web App,100,0.025%,ETFs, YES,YES,Male,1
1077,30,12,top,Desktop App,10,0%,ETFs, YES,YES,Male,1
1078,30,12,middle,Desktop App,100,0.025%,ETFs, YES,NO,Male,0
1079,30,12,low,Desktop App,10,0.025%,Commodities, NO,NO,Male,0
1080,31,1,top,Desktop App,100,0.025%,Commodities, NO,NO,Male,0
1081,31,1,middle,Web App,100,0.015%,Commodities, YES,YES,Male,0
1082,31,1,low,Desktop App,100,0%,Crypto, YES,NO,Male,1
1083,31,2,top,Desktop App,10,0%,Crypto, NO,YES,Male,0
1084,31,2,middle,Desktop App,10,0%,ETFs, YES,NO,Male,0
1085,31,2,low,Web App,0,0%,Crypto, NO,NO,Male,1
1086,31,3,top,Desktop App,10,0.015%,Stocks, YES,YES,Male,0
1087,31,3,middle,Mobile App,10,0.015%,Commodities, YES,NO,Male,0
1088,31,3,low,Mobile App,10,0.015%,Crypto, YES,NO,Male,1
1089,31,4,top,Mobile App,10,0%,Stocks, YES,YES,Male,0
1090,31,4,middle,Desktop App,0,0.025%,Crypto, NO,NO,Male,0
1091,31,4,low,Web App,10,0%,ETFs, NO,NO,Male,1
1092,31,5,top,Desktop App,10,0.015%,ETFs, YES,YES,Male,0
1093,31,5,middle,Desktop App,10,0.015%,ETFs, NO,NO,Male,1
1094,31,5,low,Web App,100,0.025%,ETFs, NO,YES,Male,0
1095,31,6,top,Mobile App,10,0.015%,Crypto, YES,YES,Male,0
1096,31,6,middle,Mobile App,0,0.025%,Commodities, NO,YES,Male,0
1097,31,6,low,Mobile App,100,0.015%,Crypto, YES,NO,Male,1
1098,31,7,top,Desktop App,100,0.025%,Commodities, NO,YES,Male,0
1099,31,7,middle,Web App,0,0%,Crypto, NO,YES,Male,1
1100,31,7,low,Mobile App,10,0%,Stocks, NO,YES,Male,0
1101,31,8,top,Mobile App,0,0.025%,Commodities, YES,YES,Male,0
1102,31,8,middle,Web App,10,0.025%,Commodities, NO,YES,Male,0
1103,31,8,low,Mobile App,10,0.025%,Commodities, NO,YES,Male,1
1104,31,9,top,Web App,0,0%,Crypto, NO,NO,Male,1
1105,31,9,middle,Mobile App,10,0%,ETFs, NO,YES,Male,0
1106,31,9,low,Web App,100,0.015%,ETFs, NO,YES,Male,0
1107,31,10,top,Web App,0,0.025%,Commodities, NO,NO,Male,0
1108,31,10,middle,Mobile App,10,0.015%,ETFs, YES,YES,Male,1
1109,31,10,low,Web App,0,0.025%,ETFs, NO,YES,Male,0
1110,31,11,top,Web App,0,0%,Stocks, YES,YES,Male,0
1111,31,11,middle,Desktop App,100,0%,Crypto, NO,YES,Male,1
1112,31,11,low,Desktop App,100,0.015%,Crypto, NO,YES,Male,0
1113,31,12,top,Desktop App,100,0%,ETFs, NO,NO,Male,0
1114,31,12,middle,Mobile App,10,0.015%,Crypto, YES,YES,Male,1
1115,31,12,low,Desktop App,0,0.015%,ETFs, NO,YES,Male,0
1116,32,1,top,Desktop App,100,0.025%,Stocks, YES,YES,Female,0
1117,32,1,middle,Desktop App,0,0.015%,Crypto, YES,NO,Female,0
1118,32,1,low,Mobile App,0,0.025%,Commodities, YES,YES,Female,1
1119,32,2,top,Mobile App,0,0.025%,Commodities, NO,YES,Female,1
1120,32,2,middle,Desktop App,0,0.015%,Stocks, YES,YES,Female,0
1121,32,2,low,Mobile App,100,0.015%,Commodities, YES,YES,Female,0
1122,32,3,top,Web App,100,0.015%,ETFs, NO,YES,Female,0
1123,32,3,middle,Web App,100,0%,Stocks, YES,NO,Female,0
1124,32,3,low,Desktop App,0,0.015%,Stocks, NO,YES,Female,1
1125,32,4,top,Desktop App,10,0.025%,Crypto, YES,YES,Female,0
1126,32,4,middle,Web App,10,0.025%,Commodities, YES,NO,Female,1
1127,32,4,low,Desktop App,0,0.015%,Stocks, NO,NO,Female,0
1128,32,5,top,Mobile App,10,0%,Stocks, YES,NO,Female,0
1129,32,5,middle,Desktop App,10,0.025%,Stocks, NO,YES,Female,1
1130,32,5,low,Mobile App,10,0.025%,ETFs, YES,YES,Female,0
1131,32,6,top,Desktop App,10,0%,Stocks, YES,YES,Female,0
1132,32,6,middle,Desktop App,0,0.015%,ETFs, NO,NO,Female,0
1133,32,6,low,Desktop App,0,0.025%,Commodities, NO,YES,Female,1
1134,32,7,top,Mobile App,10,0%,Crypto, NO,NO,Female,0
1135,32,7,middle,Web App,100,0%,Commodities, YES,NO,Female,1
1136,32,7,low,Desktop App,10,0.015%,Commodities, NO,NO,Female,0
1137,32,8,top,Desktop App,100,0.015%,ETFs, NO,YES,Female,0
1138,32,8,middle,Desktop App,10,0%,ETFs, YES,NO,Female,1
1139,32,8,low,Mobile App,100,0.025%,Crypto, NO,NO,Female,0
1140,32,9,top,Desktop App,10,0%,Crypto, NO,NO,Female,0
1141,32,9,middle,Web App,100,0.015%,Stocks, NO,YES,Female,0
1142,32,9,low,Mobile App,10,0.015%,ETFs, YES,YES,Female,1
1143,32,10,top,Web App,100,0.025%,Crypto, YES,NO,Female,0
1144,32,10,middle,Desktop App,100,0%,Crypto, YES,NO,Female,0
1145,32,10,low,Mobile App,100,0%,Stocks, NO,NO,Female,1
1146,32,11,top,Mobile App,0,0.015%,Stocks, YES,NO,Female,0
1147,32,11,middle,Mobile App,10,0%,Crypto, NO,YES,Female,0
1148,32,11,low,Mobile App,10,0.025%,Commodities, YES,YES,Female,1
1149,32,12,top,Desktop App,10,0%,ETFs, NO,NO,Female,0
1150,32,12,middle,Mobile App,0,0.025%,Stocks, YES,YES,Female,1
1151,32,12,low,Mobile App,0,0.015%,Crypto, YES,YES,Female,0
1152,33,1,top,Web App,10,0.015%,ETFs, NO,NO,Female,0
1153,33,1,middle,Mobile App,10,0.025%,ETFs, YES,YES,Female,1
1154,33,1,low,Mobile App,100,0.015%,Stocks, NO,NO,Female,0
1155,33,2,top,Web App,100,0.015%,Stocks, NO,NO,Female,0
1156,33,2,middle,Web App,0,0%,ETFs, YES,YES,Female,1
1157,33,2,low,Desktop App,100,0.015%,Stocks, YES,NO,Female,0
1158,33,3,top,Mobile App,10,0.025%,Stocks, YES,NO,Female,1
1159,33,3,middle,Desktop App,100,0.025%,Crypto, YES,YES,Female,0
1160,33,3,low,Mobile App,100,0%,Crypto, YES,YES,Female,0
1161,33,4,top,Web App,0,0.015%,ETFs, YES,NO,Female,1
1162,33,4,middle,Mobile App,0,0%,Crypto, NO,YES,Female,0
1163,33,4,low,Mobile App,100,0%,Crypto, NO,YES,Female,0
1164,33,5,top,Mobile App,0,0.015%,Commodities, YES,YES,Female,0
1165,33,5,middle,Mobile App,10,0.015%,ETFs, YES,YES,Female,1
1166,33,5,low,Desktop App,10,0.025%,Commodities, NO,NO,Female,0
1167,33,6,top,Mobile App,0,0.025%,Crypto, NO,NO,Female,0
1168,33,6,middle,Mobile App,100,0%,Commodities, YES,YES,Female,0
1169,33,6,low,Mobile App,0,0.015%,Commodities, NO,YES,Female,1
1170,33,7,top,Desktop App,100,0.025%,Commodities, NO,YES,Female,0
1171,33,7,middle,Mobile App,100,0.015%,Crypto, YES,NO,Female,0
1172,33,7,low,Web App,10,0%,ETFs, YES,YES,Female,1
1173,33,8,top,Mobile App,10,0.025%,Commodities, NO,YES,Female,0
1174,33,8,middle,Mobile App,10,0.025%,ETFs, NO,NO,Female,0
1175,33,8,low,Web App,0,0%,Stocks, NO,YES,Female,1
1176,33,9,top,Desktop App,0,0.025%,Commodities, YES,NO,Female,0
1177,33,9,middle,Desktop App,100,0.025%,ETFs, YES,YES,Female,0
1178,33,9,low,Mobile App,100,0.015%,ETFs, NO,NO,Female,1
1179,33,10,top,Desktop App,0,0%,Commodities, YES,YES,Female,1
1180,33,10,middle,Mobile App,0,0.015%,Commodities, NO,NO,Female,0
1181,33,10,low,Web App,10,0.015%,Crypto, YES,NO,Female,0
1182,33,11,top,Web App,10,0.025%,Crypto, YES,YES,Female,0
1183,33,11,middle,Desktop App,10,0%,Commodities, NO,YES,Female,1
1184,33,11,low,Desktop App,10,0%,Crypto, NO,YES,Female,0
1185,33,12,top,Mobile App,0,0.025%,ETFs, YES,NO,Female,1
1186,33,12,middle,Mobile App,0,0.025%,Commodities, NO,YES,Female,0
1187,33,12,low,Web App,100,0.025%,Stocks, YES,YES,Female,0
1188,34,1,top,Desktop App,100,0.015%,Commodities, YES,NO,Female,0
1189,34,1,middle,Desktop App,10,0%,Commodities, NO,NO,Female,0
1190,34,1,low,Desktop App,100,0%,Stocks, NO,YES,Female,1
1191,34,2,top,Web App,0,0%,ETFs, YES,NO,Female,1
1192,34,2,middle,Mobile App,10,0.015%,Commodities, YES,NO,Female,0
1193,34,2,low,Web App,100,0%,ETFs, YES,NO,Female,0
1194,34,3,top,Mobile App,0,0.025%,Crypto, NO,YES,Female,0
1195,34,3,middle,Desktop App,10,0.015%,Crypto, NO,NO,Female,0
1196,34,3,low,Web App,10,0.025%,ETFs, YES,NO,Female,1
1197,34,4,top,Desktop App,100,0.025%,Crypto, NO,YES,Female,0
1198,34,4,middle,Web App,10,0%,Stocks, NO,NO,Female,0
1199,34,4,low,Mobile App,0,0.015%,Stocks, YES,NO,Female,1
1200,34,5,top,Desktop App,100,0.015%,Crypto, NO,YES,Female,0
1201,34,5,middle,Desktop App,0,0%,Crypto, NO,YES,Female,0
1202,34,5,low,Mobile App,10,0.015%,ETFs, YES,NO,Female,1
1203,34,6,top,Desktop App,10,0.015%,Stocks, YES,YES,Female,1
1204,34,6,middle,Mobile App,100,0%,Stocks, NO,NO,Female,0
1205,34,6,low,Desktop App,100,0%,ETFs, NO,YES,Female,0
1206,34,7,top,Web App,10,0%,Crypto, NO,YES,Female,0
1207,34,7,middle,Mobile App,10,0%,Stocks, NO,YES,Female,1
1208,34,7,low,Mobile App,100,0%,Commodities, YES,NO,Female,0
1209,34,8,top,Desktop App,0,0.015%,Commodities, NO,NO,Female,1
1210,34,8,middle,Web App,100,0.015%,Crypto, NO,YES,Female,0
1211,34,8,low,Web App,0,0.015%,Crypto, YES,YES,Female,0
1212,34,9,top,Web App,100,0.015%,ETFs, YES,NO,Female,0
1213,34,9,middle,Mobile App,10,0.025%,ETFs, NO,NO,Female,1
1214,34,9,low,Desktop App,10,0%,Crypto, NO,YES,Female,0
1215,34,10,top,Mobile App,10,0.025%,Commodities, NO,YES,Female,0
1216,34,10,middle,Mobile App,100,0.015%,ETFs, NO,YES,Female,1
1217,34,10,low,Web App,100,0%,Commodities, NO,NO,Female,0
1218,34,11,top,Web App,0,0.015%,Commodities, NO,NO,Female,1
1219,34,11,middle,Web App,10,0.025%,Commodities, YES,NO,Female,0
1220,34,11,low,Desktop App,0,0.015%,Crypto, NO,YES,Female,0
1221,34,12,top,Desktop App,10,0.015%,Stocks, NO,YES,Female,0
1222,34,12,middle,Mobile App,100,0%,Crypto, YES,NO,Female,0
1223,34,12,low,Web App,0,0%,Stocks, YES,YES,Female,1
1224,35,1,top,Desktop App,0,0.025%,Stocks, YES,YES,Male,1
1225,35,1,middle,Mobile App,0,0.025%,Stocks, NO,NO,Male,0
1226,35,1,low,Web App,0,0.025%,Commodities, NO,NO,Male,0
1227,35,2,top,Mobile App,10,0.015%,Crypto, NO,YES,Male,1
1228,35,2,middle,Desktop App,100,0%,Crypto, NO,NO,Male,0
1229,35,2,low,Desktop App,0,0.025%,Stocks, YES,NO,Male,0
1230,35,3,top,Desktop App,10,0%,ETFs, NO,NO,Male,0
1231,35,3,middle,Desktop App,10,0.015%,Crypto, NO,YES,Male,1
1232,35,3,low,Desktop App,0,0.025%,Commodities, YES,YES,Male,0
1233,35,4,top,Web App,10,0.025%,Commodities, YES,YES,Male,0
1234,35,4,middle,Mobile App,100,0%,Stocks, NO,NO,Male,0
1235,35,4,low,Web App,0,0.025%,Stocks, YES,YES,Male,1
1236,35,5,top,Web App,0,0%,Commodities, YES,NO,Male,0
1237,35,5,middle,Web App,100,0.025%,Crypto, NO,YES,Male,1
1238,35,5,low,Desktop App,100,0.025%,ETFs, YES,NO,Male,0
1239,35,6,top,Mobile App,100,0.025%,Commodities, YES,YES,Male,0
1240,35,6,middle,Mobile App,0,0.015%,ETFs, YES,YES,Male,0
1241,35,6,low,Desktop App,100,0.025%,Crypto, YES,YES,Male,1
1242,35,7,top,Web App,100,0.025%,Commodities, NO,YES,Male,0
1243,35,7,middle,Desktop App,100,0.015%,Stocks, YES,YES,Male,0
1244,35,7,low,Web App,100,0.025%,Stocks, NO,NO,Male,1
1245,35,8,top,Mobile App,100,0%,Stocks, NO,NO,Male,1
1246,35,8,middle,Desktop App,10,0.015%,ETFs, YES,YES,Male,0
1247,35,8,low,Web App,10,0.015%,Stocks, YES,NO,Male,0
1248,35,9,top,Desktop App,100,0.015%,Stocks, YES,YES,Male,1
1249,35,9,middle,Desktop App,10,0.025%,Commodities, YES,NO,Male,0
1250,35,9,low,Web App,10,0.015%,ETFs, NO,YES,Male,0
1251,35,10,top,Mobile App,100,0.025%,Stocks, NO,YES,Male,0
1252,35,10,middle,Desktop App,100,0%,Commodities, NO,YES,Male,0
1253,35,10,low,Desktop App,100,0.015%,Crypto, NO,NO,Male,1
1254,35,11,top,Web App,100,0.015%,Commodities, NO,YES,Male,0
1255,35,11,middle,Web App,10,0.015%,Stocks, YES,NO,Male,0
1256,35,11,low,Mobile App,0,0.015%,Crypto, YES,NO,Male,1
1257,35,12,top,Desktop App,0,0.015%,ETFs, NO,NO,Male,0
1258,35,12,middle,Desktop App,10,0.025%,Stocks, NO,NO,Male,1
1259,35,12,low,Desktop App,100,0%,ETFs, NO,NO,Male,0
1260,36,1,top,Desktop App,100,0.015%,Stocks, NO,YES,Male,1
1261,36,1,middle,Mobile App,100,0.015%,Commodities, YES,YES,Male,0
1262,36,1,low,Web App,100,0.025%,Stocks, YES,YES,Male,0
1263,36,2,top,Mobile App,10,0%,Commodities, NO,NO,Male,0
1264,36,2,middle,Web App,10,0%,Crypto, YES,NO,Male,1
1265,36,2,low,Desktop App,100,0.025%,Crypto, NO,YES,Male,0
1266,36,3,top,Desktop App,0,0.025%,Crypto, NO,NO,Male,1
1267,36,3,middle,Desktop App,100,0.015%,ETFs, NO,NO,Male,0
1268,36,3,low,Desktop App,0,0%,ETFs, NO,NO,Male,0
1269,36,4,top,Web App,0,0.025%,Stocks, YES,NO,Male,1
1270,36,4,middle,Web App,0,0.025%,Commodities, YES,YES,Male,0
1271,36,4,low,Web App,100,0.025%,Stocks, YES,NO,Male,0
1272,36,5,top,Mobile App,100,0.015%,Commodities, NO,NO,Male,0
1273,36,5,middle,Desktop App,10,0.025%,Crypto, NO,YES,Male,1
1274,36,5,low,Desktop App,100,0.025%,ETFs, YES,NO,Male,0
1275,36,6,top,Desktop App,0,0.015%,ETFs, NO,YES,Male,0
1276,36,6,middle,Mobile App,10,0%,Commodities, NO,NO,Male,0
1277,36,6,low,Web App,10,0%,ETFs, YES,NO,Male,1
1278,36,7,top,Web App,10,0.015%,Stocks, YES,NO,Male,0
1279,36,7,middle,Web App,0,0.015%,Stocks, YES,NO,Male,1
1280,36,7,low,Desktop App,0,0%,Stocks, YES,NO,Male,0
1281,36,8,top,Web App,100,0.015%,Crypto, YES,NO,Male,0
1282,36,8,middle,Desktop App,100,0.025%,Commodities, YES,NO,Male,0
1283,36,8,low,Mobile App,10,0%,Crypto, YES,YES,Male,1
1284,36,9,top,Desktop App,0,0%,Crypto, NO,YES,Male,0
1285,36,9,middle,Desktop App,100,0.025%,Crypto, NO,YES,Male,0
1286,36,9,low,Web App,0,0.025%,Crypto, NO,YES,Male,1
1287,36,10,top,Mobile App,0,0.015%,Commodities, NO,NO,Male,0
1288,36,10,middle,Desktop App,10,0.015%,Crypto, NO,NO,Male,1
1289,36,10,low,Web App,100,0.015%,ETFs, YES,NO,Male,0
1290,36,11,top,Web App,10,0.015%,ETFs, NO,NO,Male,1
1291,36,11,middle,Web App,100,0.025%,Crypto, NO,NO,Male,0
1292,36,11,low,Mobile App,0,0%,Commodities, YES,NO,Male,0
1293,36,12,top,Web App,10,0%,Stocks, NO,YES,Male,0
1294,36,12,middle,Desktop App,10,0%,Crypto, YES,YES,Male,1
1295,36,12,low,Mobile App,10,0.015%,Commodities, YES,YES,Male,0
